{
   "library" : {
      "annotation" : [ {
         "translatorOptions" : "EnableAnnotations,EnableLocators,DisableListDemotion,DisableListPromotion,DisableMethodInvocation",
         "type" : "CqlToElmInfo"
      }, {
         "type" : "Annotation",
         "s" : {
            "r" : "86",
            "s" : [ {
               "value" : [ "","library Hospice version '4.0.000'" ]
            } ]
         }
      } ],
      "identifier" : {
         "id" : "Hospice",
         "version" : "4.0.000"
      },
      "schemaIdentifier" : {
         "id" : "urn:hl7-org:elm",
         "version" : "r1"
      },
      "usings" : {
         "def" : [ {
            "localIdentifier" : "System",
            "uri" : "urn:hl7-org:elm-types:r1"
         }, {
            "localId" : "1",
            "locator" : "3:1-3:23",
            "localIdentifier" : "QDM",
            "uri" : "urn:healthit-gov:qdm:v5_6",
            "version" : "5.6",
            "annotation" : [ {
               "type" : "Annotation",
               "s" : {
                  "r" : "1",
                  "s" : [ {
                     "value" : [ "","using " ]
                  }, {
                     "s" : [ {
                        "value" : [ "QDM" ]
                     } ]
                  }, {
                     "value" : [ " version ","'5.6'" ]
                  } ]
               }
            } ]
         } ]
      },
      "includes" : {
         "def" : [ {
            "localId" : "2",
            "locator" : "5:1-5:64",
            "localIdentifier" : "Global",
            "path" : "MATGlobalCommonFunctions",
            "version" : "7.0.000",
            "annotation" : [ {
               "type" : "Annotation",
               "s" : {
                  "r" : "2",
                  "s" : [ {
                     "value" : [ "","include " ]
                  }, {
                     "s" : [ {
                        "value" : [ "MATGlobalCommonFunctions" ]
                     } ]
                  }, {
                     "value" : [ " version ","'7.0.000'"," called ","Global" ]
                  } ]
               }
            } ]
         } ]
      },
      "parameters" : {
         "def" : [ {
            "localId" : "18",
            "locator" : "19:1-19:49",
            "name" : "Measurement Period",
            "accessLevel" : "Public",
            "annotation" : [ {
               "type" : "Annotation",
               "s" : {
                  "r" : "18",
                  "s" : [ {
                     "value" : [ "","parameter ","\"Measurement Period\""," " ]
                  }, {
                     "r" : "17",
                     "s" : [ {
                        "value" : [ "Interval<" ]
                     }, {
                        "r" : "16",
                        "s" : [ {
                           "value" : [ "DateTime" ]
                        } ]
                     }, {
                        "value" : [ ">" ]
                     } ]
                  } ]
               }
            } ],
            "parameterTypeSpecifier" : {
               "localId" : "17",
               "locator" : "19:32-19:49",
               "type" : "IntervalTypeSpecifier",
               "pointType" : {
                  "localId" : "16",
                  "locator" : "19:41-19:48",
                  "name" : "{urn:hl7-org:elm-types:r1}DateTime",
                  "type" : "NamedTypeSpecifier"
               }
            }
         } ]
      },
      "codeSystems" : {
         "def" : [ {
            "localId" : "3",
            "locator" : "7:1-7:55",
            "name" : "SNOMEDCT",
            "id" : "urn:oid:2.16.840.1.113883.6.96",
            "accessLevel" : "Public",
            "annotation" : [ {
               "type" : "Annotation",
               "s" : {
                  "r" : "3",
                  "s" : [ {
                     "value" : [ "","codesystem ","\"SNOMEDCT\"",": ","'urn:oid:2.16.840.1.113883.6.96'" ]
                  } ]
               }
            } ]
         }, {
            "localId" : "4",
            "locator" : "8:1-8:51",
            "name" : "LOINC",
            "id" : "urn:oid:2.16.840.1.113883.6.1",
            "accessLevel" : "Public",
            "annotation" : [ {
               "type" : "Annotation",
               "s" : {
                  "r" : "4",
                  "s" : [ {
                     "value" : [ "","codesystem ","\"LOINC\"",": ","'urn:oid:2.16.840.1.113883.6.1'" ]
                  } ]
               }
            } ]
         } ]
      },
      "valueSets" : {
         "def" : [ {
            "localId" : "5",
            "locator" : "10:1-10:71",
            "name" : "Encounter Inpatient",
            "id" : "urn:oid:2.16.840.1.113883.3.666.5.307",
            "accessLevel" : "Public",
            "annotation" : [ {
               "type" : "Annotation",
               "s" : {
                  "r" : "5",
                  "s" : [ {
                     "value" : [ "","valueset ","\"Encounter Inpatient\"",": ","'urn:oid:2.16.840.1.113883.3.666.5.307'" ]
                  } ]
               }
            } ]
         }, {
            "localId" : "6",
            "locator" : "11:1-11:76",
            "name" : "Hospice Care Ambulatory",
            "id" : "urn:oid:2.16.840.1.113883.3.526.3.1584",
            "accessLevel" : "Public",
            "annotation" : [ {
               "type" : "Annotation",
               "s" : {
                  "r" : "6",
                  "s" : [ {
                     "value" : [ "","valueset ","\"Hospice Care Ambulatory\"",": ","'urn:oid:2.16.840.1.113883.3.526.3.1584'" ]
                  } ]
               }
            } ]
         }, {
            "localId" : "7",
            "locator" : "12:1-12:73",
            "name" : "Hospice Encounter",
            "id" : "urn:oid:2.16.840.1.113883.3.464.1003.1003",
            "accessLevel" : "Public",
            "annotation" : [ {
               "type" : "Annotation",
               "s" : {
                  "r" : "7",
                  "s" : [ {
                     "value" : [ "","valueset ","\"Hospice Encounter\"",": ","'urn:oid:2.16.840.1.113883.3.464.1003.1003'" ]
                  } ]
               }
            } ]
         } ]
      },
      "codes" : {
         "def" : [ {
            "localId" : "9",
            "locator" : "14:1-14:175",
            "name" : "Discharge to healthcare facility for hospice care (procedure)",
            "id" : "428371000124100",
            "display" : "Discharge to healthcare facility for hospice care (procedure)",
            "accessLevel" : "Public",
            "annotation" : [ {
               "type" : "Annotation",
               "s" : {
                  "r" : "9",
                  "s" : [ {
                     "value" : [ "","code ","\"Discharge to healthcare facility for hospice care (procedure)\"",": ","'428371000124100'"," from " ]
                  }, {
                     "r" : "8",
                     "s" : [ {
                        "value" : [ "\"SNOMEDCT\"" ]
                     } ]
                  }, {
                     "value" : [ " display ","'Discharge to healthcare facility for hospice care (procedure)'" ]
                  } ]
               }
            } ],
            "codeSystem" : {
               "localId" : "8",
               "locator" : "14:94-14:103",
               "name" : "SNOMEDCT"
            }
         }, {
            "localId" : "11",
            "locator" : "15:1-15:145",
            "name" : "Discharge to home for hospice care (procedure)",
            "id" : "428361000124107",
            "display" : "Discharge to home for hospice care (procedure)",
            "accessLevel" : "Public",
            "annotation" : [ {
               "type" : "Annotation",
               "s" : {
                  "r" : "11",
                  "s" : [ {
                     "value" : [ "","code ","\"Discharge to home for hospice care (procedure)\"",": ","'428361000124107'"," from " ]
                  }, {
                     "r" : "10",
                     "s" : [ {
                        "value" : [ "\"SNOMEDCT\"" ]
                     } ]
                  }, {
                     "value" : [ " display ","'Discharge to home for hospice care (procedure)'" ]
                  } ]
               }
            } ],
            "codeSystem" : {
               "localId" : "10",
               "locator" : "15:79-15:88",
               "name" : "SNOMEDCT"
            }
         }, {
            "localId" : "13",
            "locator" : "16:1-16:104",
            "name" : "Hospice care [Minimum Data Set]",
            "id" : "45755-6",
            "display" : "Hospice care [Minimum Data Set]",
            "accessLevel" : "Public",
            "annotation" : [ {
               "type" : "Annotation",
               "s" : {
                  "r" : "13",
                  "s" : [ {
                     "value" : [ "","code ","\"Hospice care [Minimum Data Set]\"",": ","'45755-6'"," from " ]
                  }, {
                     "r" : "12",
                     "s" : [ {
                        "value" : [ "\"LOINC\"" ]
                     } ]
                  }, {
                     "value" : [ " display ","'Hospice care [Minimum Data Set]'" ]
                  } ]
               }
            } ],
            "codeSystem" : {
               "localId" : "12",
               "locator" : "16:56-16:62",
               "name" : "LOINC"
            }
         }, {
            "localId" : "15",
            "locator" : "17:1-17:89",
            "name" : "Yes (qualifier value)",
            "id" : "373066001",
            "display" : "Yes (qualifier value)",
            "accessLevel" : "Public",
            "annotation" : [ {
               "type" : "Annotation",
               "s" : {
                  "r" : "15",
                  "s" : [ {
                     "value" : [ "","code ","\"Yes (qualifier value)\"",": ","'373066001'"," from " ]
                  }, {
                     "r" : "14",
                     "s" : [ {
                        "value" : [ "\"SNOMEDCT\"" ]
                     } ]
                  }, {
                     "value" : [ " display ","'Yes (qualifier value)'" ]
                  } ]
               }
            } ],
            "codeSystem" : {
               "localId" : "14",
               "locator" : "17:48-17:57",
               "name" : "SNOMEDCT"
            }
         } ]
      },
      "contexts" : {
         "def" : [ {
            "locator" : "21:1-21:15",
            "name" : "Patient"
         } ]
      },
      "statements" : {
         "def" : [ {
            "locator" : "21:1-21:15",
            "name" : "Patient",
            "context" : "Patient",
            "expression" : {
               "type" : "SingletonFrom",
               "operand" : {
                  "locator" : "21:1-21:15",
                  "dataType" : "{urn:healthit-gov:qdm:v5_6}Patient",
                  "templateId" : "Patient",
                  "type" : "Retrieve"
               }
            }
         }, {
            "localId" : "86",
            "locator" : "23:1-42:5",
            "name" : "Has Hospice Services",
            "context" : "Patient",
            "accessLevel" : "Public",
            "annotation" : [ {
               "type" : "Annotation",
               "s" : {
                  "r" : "86",
                  "s" : [ {
                     "value" : [ "","define ","\"Has Hospice Services\"",":\n  " ]
                  }, {
                     "r" : "85",
                     "s" : [ {
                        "r" : "72",
                        "s" : [ {
                           "r" : "63",
                           "s" : [ {
                              "r" : "45",
                              "s" : [ {
                                 "r" : "36",
                                 "s" : [ {
                                    "value" : [ "exists " ]
                                 }, {
                                    "r" : "35",
                                    "s" : [ {
                                       "value" : [ "( " ]
                                    }, {
                                       "r" : "35",
                                       "s" : [ {
                                          "s" : [ {
                                             "r" : "20",
                                             "s" : [ {
                                                "r" : "19",
                                                "s" : [ {
                                                   "r" : "19",
                                                   "s" : [ {
                                                      "value" : [ "[","\"Encounter, Performed\"",": " ]
                                                   }, {
                                                      "s" : [ {
                                                         "value" : [ "\"Encounter Inpatient\"" ]
                                                      } ]
                                                   }, {
                                                      "value" : [ "]" ]
                                                   } ]
                                                } ]
                                             }, {
                                                "value" : [ " ","InpatientEncounter" ]
                                             } ]
                                          } ]
                                       }, {
                                          "value" : [ "\n      " ]
                                       }, {
                                          "r" : "34",
                                          "s" : [ {
                                             "value" : [ "where " ]
                                          }, {
                                             "r" : "34",
                                             "s" : [ {
                                                "r" : "29",
                                                "s" : [ {
                                                   "value" : [ "( " ]
                                                }, {
                                                   "r" : "29",
                                                   "s" : [ {
                                                      "r" : "24",
                                                      "s" : [ {
                                                         "r" : "22",
                                                         "s" : [ {
                                                            "r" : "21",
                                                            "s" : [ {
                                                               "value" : [ "InpatientEncounter" ]
                                                            } ]
                                                         }, {
                                                            "value" : [ "." ]
                                                         }, {
                                                            "r" : "22",
                                                            "s" : [ {
                                                               "value" : [ "dischargeDisposition" ]
                                                            } ]
                                                         } ]
                                                      }, {
                                                         "value" : [ " ","~"," " ]
                                                      }, {
                                                         "r" : "23",
                                                         "s" : [ {
                                                            "value" : [ "\"Discharge to home for hospice care (procedure)\"" ]
                                                         } ]
                                                      } ]
                                                   }, {
                                                      "value" : [ "\n          or " ]
                                                   }, {
                                                      "r" : "28",
                                                      "s" : [ {
                                                         "r" : "26",
                                                         "s" : [ {
                                                            "r" : "25",
                                                            "s" : [ {
                                                               "value" : [ "InpatientEncounter" ]
                                                            } ]
                                                         }, {
                                                            "value" : [ "." ]
                                                         }, {
                                                            "r" : "26",
                                                            "s" : [ {
                                                               "value" : [ "dischargeDisposition" ]
                                                            } ]
                                                         } ]
                                                      }, {
                                                         "value" : [ " ","~"," " ]
                                                      }, {
                                                         "r" : "27",
                                                         "s" : [ {
                                                            "value" : [ "\"Discharge to healthcare facility for hospice care (procedure)\"" ]
                                                         } ]
                                                      } ]
                                                   } ]
                                                }, {
                                                   "value" : [ "\n      )" ]
                                                } ]
                                             }, {
                                                "value" : [ "\n        and " ]
                                             }, {
                                                "r" : "33",
                                                "s" : [ {
                                                   "r" : "31",
                                                   "s" : [ {
                                                      "r" : "30",
                                                      "s" : [ {
                                                         "value" : [ "InpatientEncounter" ]
                                                      } ]
                                                   }, {
                                                      "value" : [ "." ]
                                                   }, {
                                                      "r" : "31",
                                                      "s" : [ {
                                                         "value" : [ "relevantPeriod" ]
                                                      } ]
                                                   } ]
                                                }, {
                                                   "r" : "33",
                                                   "value" : [ " ","ends during day of"," " ]
                                                }, {
                                                   "r" : "32",
                                                   "s" : [ {
                                                      "value" : [ "\"Measurement Period\"" ]
                                                   } ]
                                                } ]
                                             } ]
                                          } ]
                                       } ]
                                    }, {
                                       "value" : [ "\n  )" ]
                                    } ]
                                 } ]
                              }, {
                                 "value" : [ "\n    or " ]
                              }, {
                                 "r" : "44",
                                 "s" : [ {
                                    "value" : [ "exists " ]
                                 }, {
                                    "r" : "43",
                                    "s" : [ {
                                       "value" : [ "( " ]
                                    }, {
                                       "r" : "43",
                                       "s" : [ {
                                          "s" : [ {
                                             "r" : "38",
                                             "s" : [ {
                                                "r" : "37",
                                                "s" : [ {
                                                   "r" : "37",
                                                   "s" : [ {
                                                      "value" : [ "[","\"Encounter, Performed\"",": " ]
                                                   }, {
                                                      "s" : [ {
                                                         "value" : [ "\"Hospice Encounter\"" ]
                                                      } ]
                                                   }, {
                                                      "value" : [ "]" ]
                                                   } ]
                                                } ]
                                             }, {
                                                "value" : [ " ","HospiceEncounter" ]
                                             } ]
                                          } ]
                                       }, {
                                          "value" : [ "\n        " ]
                                       }, {
                                          "r" : "42",
                                          "s" : [ {
                                             "value" : [ "where " ]
                                          }, {
                                             "r" : "42",
                                             "s" : [ {
                                                "r" : "40",
                                                "s" : [ {
                                                   "r" : "39",
                                                   "s" : [ {
                                                      "value" : [ "HospiceEncounter" ]
                                                   } ]
                                                }, {
                                                   "value" : [ "." ]
                                                }, {
                                                   "r" : "40",
                                                   "s" : [ {
                                                      "value" : [ "relevantPeriod" ]
                                                   } ]
                                                } ]
                                             }, {
                                                "r" : "42",
                                                "value" : [ " ","overlaps"," " ]
                                             }, {
                                                "r" : "41",
                                                "s" : [ {
                                                   "value" : [ "\"Measurement Period\"" ]
                                                } ]
                                             } ]
                                          } ]
                                       } ]
                                    }, {
                                       "value" : [ "\n    )" ]
                                    } ]
                                 } ]
                              } ]
                           }, {
                              "value" : [ "\n    or " ]
                           }, {
                              "r" : "62",
                              "s" : [ {
                                 "value" : [ "exists " ]
                              }, {
                                 "r" : "61",
                                 "s" : [ {
                                    "value" : [ "( " ]
                                 }, {
                                    "r" : "61",
                                    "s" : [ {
                                       "s" : [ {
                                          "r" : "47",
                                          "s" : [ {
                                             "r" : "46",
                                             "s" : [ {
                                                "r" : "46",
                                                "s" : [ {
                                                   "value" : [ "[","\"Assessment, Performed\"",": " ]
                                                }, {
                                                   "s" : [ {
                                                      "value" : [ "\"Hospice care [Minimum Data Set]\"" ]
                                                   } ]
                                                }, {
                                                   "value" : [ "]" ]
                                                } ]
                                             } ]
                                          }, {
                                             "value" : [ " ","HospiceAssessment" ]
                                          } ]
                                       } ]
                                    }, {
                                       "value" : [ "\n        " ]
                                    }, {
                                       "r" : "60",
                                       "s" : [ {
                                          "value" : [ "where " ]
                                       }, {
                                          "r" : "60",
                                          "s" : [ {
                                             "r" : "51",
                                             "s" : [ {
                                                "r" : "49",
                                                "s" : [ {
                                                   "r" : "48",
                                                   "s" : [ {
                                                      "value" : [ "HospiceAssessment" ]
                                                   } ]
                                                }, {
                                                   "value" : [ "." ]
                                                }, {
                                                   "r" : "49",
                                                   "s" : [ {
                                                      "value" : [ "result" ]
                                                   } ]
                                                } ]
                                             }, {
                                                "value" : [ " ","~"," " ]
                                             }, {
                                                "r" : "50",
                                                "s" : [ {
                                                   "value" : [ "\"Yes (qualifier value)\"" ]
                                                } ]
                                             } ]
                                          }, {
                                             "value" : [ "\n          and " ]
                                          }, {
                                             "r" : "59",
                                             "s" : [ {
                                                "r" : "57",
                                                "s" : [ {
                                                   "r" : "52",
                                                   "s" : [ {
                                                      "value" : [ "Global" ]
                                                   } ]
                                                }, {
                                                   "value" : [ "." ]
                                                }, {
                                                   "r" : "57",
                                                   "s" : [ {
                                                      "value" : [ "\"NormalizeInterval\""," ( " ]
                                                   }, {
                                                      "r" : "54",
                                                      "s" : [ {
                                                         "r" : "53",
                                                         "s" : [ {
                                                            "value" : [ "HospiceAssessment" ]
                                                         } ]
                                                      }, {
                                                         "value" : [ "." ]
                                                      }, {
                                                         "r" : "54",
                                                         "s" : [ {
                                                            "value" : [ "relevantDatetime" ]
                                                         } ]
                                                      } ]
                                                   }, {
                                                      "value" : [ ", " ]
                                                   }, {
                                                      "r" : "56",
                                                      "s" : [ {
                                                         "r" : "55",
                                                         "s" : [ {
                                                            "value" : [ "HospiceAssessment" ]
                                                         } ]
                                                      }, {
                                                         "value" : [ "." ]
                                                      }, {
                                                         "r" : "56",
                                                         "s" : [ {
                                                            "value" : [ "relevantPeriod" ]
                                                         } ]
                                                      } ]
                                                   }, {
                                                      "value" : [ " )" ]
                                                   } ]
                                                } ]
                                             }, {
                                                "r" : "59",
                                                "value" : [ " ","overlaps"," " ]
                                             }, {
                                                "r" : "58",
                                                "s" : [ {
                                                   "value" : [ "\"Measurement Period\"" ]
                                                } ]
                                             } ]
                                          } ]
                                       } ]
                                    } ]
                                 }, {
                                    "value" : [ "\n    )" ]
                                 } ]
                              } ]
                           } ]
                        }, {
                           "value" : [ "\n    or " ]
                        }, {
                           "r" : "71",
                           "s" : [ {
                              "value" : [ "exists " ]
                           }, {
                              "r" : "70",
                              "s" : [ {
                                 "value" : [ "( " ]
                              }, {
                                 "r" : "70",
                                 "s" : [ {
                                    "s" : [ {
                                       "r" : "65",
                                       "s" : [ {
                                          "r" : "64",
                                          "s" : [ {
                                             "r" : "64",
                                             "s" : [ {
                                                "value" : [ "[","\"Intervention, Order\"",": " ]
                                             }, {
                                                "s" : [ {
                                                   "value" : [ "\"Hospice Care Ambulatory\"" ]
                                                } ]
                                             }, {
                                                "value" : [ "]" ]
                                             } ]
                                          } ]
                                       }, {
                                          "value" : [ " ","HospiceOrder" ]
                                       } ]
                                    } ]
                                 }, {
                                    "value" : [ "\n        " ]
                                 }, {
                                    "r" : "69",
                                    "s" : [ {
                                       "value" : [ "where " ]
                                    }, {
                                       "r" : "69",
                                       "s" : [ {
                                          "r" : "67",
                                          "s" : [ {
                                             "r" : "66",
                                             "s" : [ {
                                                "value" : [ "HospiceOrder" ]
                                             } ]
                                          }, {
                                             "value" : [ "." ]
                                          }, {
                                             "r" : "67",
                                             "s" : [ {
                                                "value" : [ "authorDatetime" ]
                                             } ]
                                          } ]
                                       }, {
                                          "r" : "69",
                                          "value" : [ " ","during day of"," " ]
                                       }, {
                                          "r" : "68",
                                          "s" : [ {
                                             "value" : [ "\"Measurement Period\"" ]
                                          } ]
                                       } ]
                                    } ]
                                 } ]
                              }, {
                                 "value" : [ "\n    )" ]
                              } ]
                           } ]
                        } ]
                     }, {
                        "value" : [ "\n    or " ]
                     }, {
                        "r" : "84",
                        "s" : [ {
                           "value" : [ "exists " ]
                        }, {
                           "r" : "83",
                           "s" : [ {
                              "value" : [ "( " ]
                           }, {
                              "r" : "83",
                              "s" : [ {
                                 "s" : [ {
                                    "r" : "74",
                                    "s" : [ {
                                       "r" : "73",
                                       "s" : [ {
                                          "r" : "73",
                                          "s" : [ {
                                             "value" : [ "[","\"Intervention, Performed\"",": " ]
                                          }, {
                                             "s" : [ {
                                                "value" : [ "\"Hospice Care Ambulatory\"" ]
                                             } ]
                                          }, {
                                             "value" : [ "]" ]
                                          } ]
                                       } ]
                                    }, {
                                       "value" : [ " ","HospicePerformed" ]
                                    } ]
                                 } ]
                              }, {
                                 "value" : [ "\n        " ]
                              }, {
                                 "r" : "82",
                                 "s" : [ {
                                    "value" : [ "where " ]
                                 }, {
                                    "r" : "82",
                                    "s" : [ {
                                       "r" : "80",
                                       "s" : [ {
                                          "r" : "75",
                                          "s" : [ {
                                             "value" : [ "Global" ]
                                          } ]
                                       }, {
                                          "value" : [ "." ]
                                       }, {
                                          "r" : "80",
                                          "s" : [ {
                                             "value" : [ "\"NormalizeInterval\""," ( " ]
                                          }, {
                                             "r" : "77",
                                             "s" : [ {
                                                "r" : "76",
                                                "s" : [ {
                                                   "value" : [ "HospicePerformed" ]
                                                } ]
                                             }, {
                                                "value" : [ "." ]
                                             }, {
                                                "r" : "77",
                                                "s" : [ {
                                                   "value" : [ "relevantDatetime" ]
                                                } ]
                                             } ]
                                          }, {
                                             "value" : [ ", " ]
                                          }, {
                                             "r" : "79",
                                             "s" : [ {
                                                "r" : "78",
                                                "s" : [ {
                                                   "value" : [ "HospicePerformed" ]
                                                } ]
                                             }, {
                                                "value" : [ "." ]
                                             }, {
                                                "r" : "79",
                                                "s" : [ {
                                                   "value" : [ "relevantPeriod" ]
                                                } ]
                                             } ]
                                          }, {
                                             "value" : [ " )" ]
                                          } ]
                                       } ]
                                    }, {
                                       "r" : "82",
                                       "value" : [ " ","overlaps"," " ]
                                    }, {
                                       "r" : "81",
                                       "s" : [ {
                                          "value" : [ "\"Measurement Period\"" ]
                                       } ]
                                    } ]
                                 } ]
                              } ]
                           }, {
                              "value" : [ "\n    )" ]
                           } ]
                        } ]
                     } ]
                  } ]
               }
            } ],
            "expression" : {
               "localId" : "85",
               "locator" : "24:3-42:5",
               "type" : "Or",
               "operand" : [ {
                  "localId" : "72",
                  "locator" : "24:3-39:5",
                  "type" : "Or",
                  "operand" : [ {
                     "localId" : "63",
                     "locator" : "24:3-36:5",
                     "type" : "Or",
                     "operand" : [ {
                        "localId" : "45",
                        "locator" : "24:3-32:5",
                        "type" : "Or",
                        "operand" : [ {
                           "localId" : "36",
                           "locator" : "24:3-29:3",
                           "type" : "Exists",
                           "operand" : {
                              "localId" : "35",
                              "locator" : "24:10-29:3",
                              "type" : "Query",
                              "source" : [ {
                                 "localId" : "20",
                                 "locator" : "24:12-24:77",
                                 "alias" : "InpatientEncounter",
                                 "expression" : {
                                    "localId" : "19",
                                    "locator" : "24:12-24:58",
                                    "dataType" : "{urn:healthit-gov:qdm:v5_6}PositiveEncounterPerformed",
                                    "templateId" : "PositiveEncounterPerformed",
                                    "codeProperty" : "code",
                                    "codeComparator" : "in",
                                    "type" : "Retrieve",
                                    "codes" : {
                                       "locator" : "24:37-24:57",
                                       "name" : "Encounter Inpatient",
                                       "type" : "ValueSetRef"
                                    }
                                 }
                              } ],
                              "relationship" : [ ],
                              "where" : {
                                 "localId" : "34",
                                 "locator" : "25:7-28:85",
                                 "type" : "And",
                                 "operand" : [ {
                                    "localId" : "29",
                                    "locator" : "25:13-27:7",
                                    "type" : "Or",
                                    "operand" : [ {
                                       "localId" : "24",
                                       "locator" : "25:15-25:104",
                                       "type" : "Equivalent",
                                       "operand" : [ {
                                          "localId" : "22",
                                          "locator" : "25:15-25:53",
                                          "path" : "dischargeDisposition",
                                          "scope" : "InpatientEncounter",
                                          "type" : "Property"
                                       }, {
                                          "localId" : "23",
                                          "locator" : "25:57-25:104",
                                          "name" : "Discharge to home for hospice care (procedure)",
                                          "type" : "CodeRef"
                                       } ]
                                    }, {
                                       "localId" : "28",
                                       "locator" : "26:14-26:118",
                                       "type" : "Equivalent",
                                       "operand" : [ {
                                          "localId" : "26",
                                          "locator" : "26:14-26:52",
                                          "path" : "dischargeDisposition",
                                          "scope" : "InpatientEncounter",
                                          "type" : "Property"
                                       }, {
                                          "localId" : "27",
                                          "locator" : "26:56-26:118",
                                          "name" : "Discharge to healthcare facility for hospice care (procedure)",
                                          "type" : "CodeRef"
                                       } ]
                                    } ]
                                 }, {
                                    "localId" : "33",
                                    "locator" : "28:13-28:85",
                                    "precision" : "Day",
                                    "type" : "In",
                                    "operand" : [ {
                                       "locator" : "28:47-28:50",
                                       "type" : "End",
                                       "operand" : {
                                          "localId" : "31",
                                          "locator" : "28:13-28:45",
                                          "path" : "relevantPeriod",
                                          "scope" : "InpatientEncounter",
                                          "type" : "Property"
                                       }
                                    }, {
                                       "localId" : "32",
                                       "locator" : "28:66-28:85",
                                       "name" : "Measurement Period",
                                       "type" : "ParameterRef"
                                    } ]
                                 } ]
                              }
                           }
                        }, {
                           "localId" : "44",
                           "locator" : "30:8-32:5",
                           "type" : "Exists",
                           "operand" : {
                              "localId" : "43",
                              "locator" : "30:15-32:5",
                              "type" : "Query",
                              "source" : [ {
                                 "localId" : "38",
                                 "locator" : "30:17-30:78",
                                 "alias" : "HospiceEncounter",
                                 "expression" : {
                                    "localId" : "37",
                                    "locator" : "30:17-30:61",
                                    "dataType" : "{urn:healthit-gov:qdm:v5_6}PositiveEncounterPerformed",
                                    "templateId" : "PositiveEncounterPerformed",
                                    "codeProperty" : "code",
                                    "codeComparator" : "in",
                                    "type" : "Retrieve",
                                    "codes" : {
                                       "locator" : "30:42-30:60",
                                       "name" : "Hospice Encounter",
                                       "type" : "ValueSetRef"
                                    }
                                 }
                              } ],
                              "relationship" : [ ],
                              "where" : {
                                 "localId" : "42",
                                 "locator" : "31:9-31:75",
                                 "type" : "Overlaps",
                                 "operand" : [ {
                                    "localId" : "40",
                                    "locator" : "31:15-31:45",
                                    "path" : "relevantPeriod",
                                    "scope" : "HospiceEncounter",
                                    "type" : "Property"
                                 }, {
                                    "localId" : "41",
                                    "locator" : "31:56-31:75",
                                    "name" : "Measurement Period",
                                    "type" : "ParameterRef"
                                 } ]
                              }
                           }
                        } ]
                     }, {
                        "localId" : "62",
                        "locator" : "33:8-36:5",
                        "type" : "Exists",
                        "operand" : {
                           "localId" : "61",
                           "locator" : "33:15-36:5",
                           "type" : "Query",
                           "source" : [ {
                              "localId" : "47",
                              "locator" : "33:17-33:94",
                              "alias" : "HospiceAssessment",
                              "expression" : {
                                 "localId" : "46",
                                 "locator" : "33:17-33:76",
                                 "dataType" : "{urn:healthit-gov:qdm:v5_6}PositiveAssessmentPerformed",
                                 "templateId" : "PositiveAssessmentPerformed",
                                 "codeProperty" : "code",
                                 "codeComparator" : "~",
                                 "type" : "Retrieve",
                                 "codes" : {
                                    "type" : "ToList",
                                    "operand" : {
                                       "locator" : "33:43-33:75",
                                       "name" : "Hospice care [Minimum Data Set]",
                                       "type" : "CodeRef"
                                    }
                                 }
                              }
                           } ],
                           "relationship" : [ ],
                           "where" : {
                              "localId" : "60",
                              "locator" : "34:9-35:143",
                              "type" : "And",
                              "operand" : [ {
                                 "localId" : "51",
                                 "locator" : "34:15-34:64",
                                 "type" : "Equivalent",
                                 "operand" : [ {
                                    "asType" : "{urn:hl7-org:elm-types:r1}Code",
                                    "type" : "As",
                                    "operand" : {
                                       "localId" : "49",
                                       "locator" : "34:15-34:38",
                                       "path" : "result",
                                       "scope" : "HospiceAssessment",
                                       "type" : "Property"
                                    }
                                 }, {
                                    "localId" : "50",
                                    "locator" : "34:42-34:64",
                                    "name" : "Yes (qualifier value)",
                                    "type" : "CodeRef"
                                 } ]
                              }, {
                                 "localId" : "59",
                                 "locator" : "35:15-35:143",
                                 "type" : "Overlaps",
                                 "operand" : [ {
                                    "localId" : "57",
                                    "locator" : "35:15-35:113",
                                    "name" : "NormalizeInterval",
                                    "libraryName" : "Global",
                                    "type" : "FunctionRef",
                                    "operand" : [ {
                                       "localId" : "54",
                                       "locator" : "35:44-35:77",
                                       "path" : "relevantDatetime",
                                       "scope" : "HospiceAssessment",
                                       "type" : "Property"
                                    }, {
                                       "localId" : "56",
                                       "locator" : "35:80-35:111",
                                       "path" : "relevantPeriod",
                                       "scope" : "HospiceAssessment",
                                       "type" : "Property"
                                    } ]
                                 }, {
                                    "localId" : "58",
                                    "locator" : "35:124-35:143",
                                    "name" : "Measurement Period",
                                    "type" : "ParameterRef"
                                 } ]
                              } ]
                           }
                        }
                     } ]
                  }, {
                     "localId" : "71",
                     "locator" : "37:8-39:5",
                     "type" : "Exists",
                     "operand" : {
                        "localId" : "70",
                        "locator" : "37:15-39:5",
                        "type" : "Query",
                        "source" : [ {
                           "localId" : "65",
                           "locator" : "37:17-37:79",
                           "alias" : "HospiceOrder",
                           "expression" : {
                              "localId" : "64",
                              "locator" : "37:17-37:66",
                              "dataType" : "{urn:healthit-gov:qdm:v5_6}PositiveInterventionOrder",
                              "templateId" : "PositiveInterventionOrder",
                              "codeProperty" : "code",
                              "codeComparator" : "in",
                              "type" : "Retrieve",
                              "codes" : {
                                 "locator" : "37:41-37:65",
                                 "name" : "Hospice Care Ambulatory",
                                 "type" : "ValueSetRef"
                              }
                           }
                        } ],
                        "relationship" : [ ],
                        "where" : {
                           "localId" : "69",
                           "locator" : "38:9-38:76",
                           "precision" : "Day",
                           "type" : "In",
                           "operand" : [ {
                              "localId" : "67",
                              "locator" : "38:15-38:41",
                              "path" : "authorDatetime",
                              "scope" : "HospiceOrder",
                              "type" : "Property"
                           }, {
                              "localId" : "68",
                              "locator" : "38:57-38:76",
                              "name" : "Measurement Period",
                              "type" : "ParameterRef"
                           } ]
                        }
                     }
                  } ]
               }, {
                  "localId" : "84",
                  "locator" : "40:8-42:5",
                  "type" : "Exists",
                  "operand" : {
                     "localId" : "83",
                     "locator" : "40:15-42:5",
                     "type" : "Query",
                     "source" : [ {
                        "localId" : "74",
                        "locator" : "40:17-40:87",
                        "alias" : "HospicePerformed",
                        "expression" : {
                           "localId" : "73",
                           "locator" : "40:17-40:70",
                           "dataType" : "{urn:healthit-gov:qdm:v5_6}PositiveInterventionPerformed",
                           "templateId" : "PositiveInterventionPerformed",
                           "codeProperty" : "code",
                           "codeComparator" : "in",
                           "type" : "Retrieve",
                           "codes" : {
                              "locator" : "40:45-40:69",
                              "name" : "Hospice Care Ambulatory",
                              "type" : "ValueSetRef"
                           }
                        }
                     } ],
                     "relationship" : [ ],
                     "where" : {
                        "localId" : "82",
                        "locator" : "41:9-41:141",
                        "type" : "Overlaps",
                        "operand" : [ {
                           "localId" : "80",
                           "locator" : "41:15-41:111",
                           "name" : "NormalizeInterval",
                           "libraryName" : "Global",
                           "type" : "FunctionRef",
                           "operand" : [ {
                              "localId" : "77",
                              "locator" : "41:44-41:76",
                              "path" : "relevantDatetime",
                              "scope" : "HospicePerformed",
                              "type" : "Property"
                           }, {
                              "localId" : "79",
                              "locator" : "41:79-41:109",
                              "path" : "relevantPeriod",
                              "scope" : "HospicePerformed",
                              "type" : "Property"
                           } ]
                        }, {
                           "localId" : "81",
                           "locator" : "41:122-41:141",
                           "name" : "Measurement Period",
                           "type" : "ParameterRef"
                        } ]
                     }
                  }
               } ]
            }
         } ]
      }
   }
}