{
   "library" : {
      "annotation" : [ {
         "translatorOptions" : "EnableAnnotations,EnableLocators,DisableListDemotion,DisableListPromotion,DisableMethodInvocation",
         "type" : "CqlToElmInfo"
      }, {
         "type" : "Annotation",
         "s" : {
            "r" : "57",
            "s" : [ {
               "value" : [ "","library PalliativeCareExclusionECQM version '2.0.000'" ]
            } ]
         }
      } ],
      "identifier" : {
         "id" : "PalliativeCareExclusionECQM",
         "version" : "2.0.000"
      },
      "schemaIdentifier" : {
         "id" : "urn:hl7-org:elm",
         "version" : "r1"
      },
      "usings" : {
         "def" : [ {
            "localIdentifier" : "System",
            "uri" : "urn:hl7-org:elm-types:r1"
         }, {
            "localId" : "1",
            "locator" : "3:1-3:23",
            "localIdentifier" : "QDM",
            "uri" : "urn:healthit-gov:qdm:v5_6",
            "version" : "5.6",
            "annotation" : [ {
               "type" : "Annotation",
               "s" : {
                  "r" : "1",
                  "s" : [ {
                     "value" : [ "","using " ]
                  }, {
                     "s" : [ {
                        "value" : [ "QDM" ]
                     } ]
                  }, {
                     "value" : [ " version ","'5.6'" ]
                  } ]
               }
            } ]
         } ]
      },
      "includes" : {
         "def" : [ {
            "localId" : "2",
            "locator" : "5:1-5:64",
            "localIdentifier" : "Global",
            "path" : "MATGlobalCommonFunctions",
            "version" : "7.0.000",
            "annotation" : [ {
               "type" : "Annotation",
               "s" : {
                  "r" : "2",
                  "s" : [ {
                     "value" : [ "","include " ]
                  }, {
                     "s" : [ {
                        "value" : [ "MATGlobalCommonFunctions" ]
                     } ]
                  }, {
                     "value" : [ " version ","'7.0.000'"," called ","Global" ]
                  } ]
               }
            } ]
         } ]
      },
      "parameters" : {
         "def" : [ {
            "localId" : "13",
            "locator" : "16:1-16:49",
            "name" : "Measurement Period",
            "accessLevel" : "Public",
            "annotation" : [ {
               "type" : "Annotation",
               "s" : {
                  "r" : "13",
                  "s" : [ {
                     "value" : [ "","parameter ","\"Measurement Period\""," " ]
                  }, {
                     "r" : "12",
                     "s" : [ {
                        "value" : [ "Interval<" ]
                     }, {
                        "r" : "11",
                        "s" : [ {
                           "value" : [ "DateTime" ]
                        } ]
                     }, {
                        "value" : [ ">" ]
                     } ]
                  } ]
               }
            } ],
            "parameterTypeSpecifier" : {
               "localId" : "12",
               "locator" : "16:32-16:49",
               "type" : "IntervalTypeSpecifier",
               "pointType" : {
                  "localId" : "11",
                  "locator" : "16:41-16:48",
                  "name" : "{urn:hl7-org:elm-types:r1}DateTime",
                  "type" : "NamedTypeSpecifier"
               }
            }
         } ]
      },
      "codeSystems" : {
         "def" : [ {
            "localId" : "3",
            "locator" : "7:1-7:54",
            "name" : "ICD10CM",
            "id" : "urn:oid:2.16.840.1.113883.6.90",
            "accessLevel" : "Public",
            "annotation" : [ {
               "type" : "Annotation",
               "s" : {
                  "r" : "3",
                  "s" : [ {
                     "value" : [ "","codesystem ","\"ICD10CM\"",": ","'urn:oid:2.16.840.1.113883.6.90'" ]
                  } ]
               }
            } ]
         }, {
            "localId" : "4",
            "locator" : "8:1-8:51",
            "name" : "LOINC",
            "id" : "urn:oid:2.16.840.1.113883.6.1",
            "accessLevel" : "Public",
            "annotation" : [ {
               "type" : "Annotation",
               "s" : {
                  "r" : "4",
                  "s" : [ {
                     "value" : [ "","codesystem ","\"LOINC\"",": ","'urn:oid:2.16.840.1.113883.6.1'" ]
                  } ]
               }
            } ]
         } ]
      },
      "valueSets" : {
         "def" : [ {
            "localId" : "5",
            "locator" : "10:1-10:88",
            "name" : "Palliative Care Encounter",
            "id" : "urn:oid:2.16.840.1.113883.3.464.1003.101.12.1090",
            "accessLevel" : "Public",
            "annotation" : [ {
               "type" : "Annotation",
               "s" : {
                  "r" : "5",
                  "s" : [ {
                     "value" : [ "","valueset ","\"Palliative Care Encounter\"",": ","'urn:oid:2.16.840.1.113883.3.464.1003.101.12.1090'" ]
                  } ]
               }
            } ]
         }, {
            "localId" : "6",
            "locator" : "11:1-11:91",
            "name" : "Palliative Care Intervention",
            "id" : "urn:oid:2.16.840.1.113883.3.464.1003.198.12.1135",
            "accessLevel" : "Public",
            "annotation" : [ {
               "type" : "Annotation",
               "s" : {
                  "r" : "6",
                  "s" : [ {
                     "value" : [ "","valueset ","\"Palliative Care Intervention\"",": ","'urn:oid:2.16.840.1.113883.3.464.1003.198.12.1135'" ]
                  } ]
               }
            } ]
         } ]
      },
      "codes" : {
         "def" : [ {
            "localId" : "8",
            "locator" : "13:1-13:100",
            "name" : "Encounter for palliative care",
            "id" : "Z51.5",
            "display" : "Encounter for palliative care",
            "accessLevel" : "Public",
            "annotation" : [ {
               "type" : "Annotation",
               "s" : {
                  "r" : "8",
                  "s" : [ {
                     "value" : [ "","code ","\"Encounter for palliative care\"",": ","'Z51.5'"," from " ]
                  }, {
                     "r" : "7",
                     "s" : [ {
                        "value" : [ "\"ICD10CM\"" ]
                     } ]
                  }, {
                     "value" : [ " display ","'Encounter for palliative care'" ]
                  } ]
               }
            } ],
            "codeSystem" : {
               "localId" : "7",
               "locator" : "13:52-13:60",
               "name" : "ICD10CM"
            }
         }, {
            "localId" : "10",
            "locator" : "14:1-14:226",
            "name" : "Functional Assessment of Chronic Illness Therapy - Palliative Care Questionnaire (FACIT-Pal)",
            "id" : "71007-9",
            "display" : "Functional Assessment of Chronic Illness Therapy - Palliative Care Questionnaire (FACIT-Pal)",
            "accessLevel" : "Public",
            "annotation" : [ {
               "type" : "Annotation",
               "s" : {
                  "r" : "10",
                  "s" : [ {
                     "value" : [ "","code ","\"Functional Assessment of Chronic Illness Therapy - Palliative Care Questionnaire (FACIT-Pal)\"",": ","'71007-9'"," from " ]
                  }, {
                     "r" : "9",
                     "s" : [ {
                        "value" : [ "\"LOINC\"" ]
                     } ]
                  }, {
                     "value" : [ " display ","'Functional Assessment of Chronic Illness Therapy - Palliative Care Questionnaire (FACIT-Pal)'" ]
                  } ]
               }
            } ],
            "codeSystem" : {
               "localId" : "9",
               "locator" : "14:117-14:123",
               "name" : "LOINC"
            }
         } ]
      },
      "contexts" : {
         "def" : [ {
            "locator" : "18:1-18:15",
            "name" : "Patient"
         } ]
      },
      "statements" : {
         "def" : [ {
            "locator" : "18:1-18:15",
            "name" : "Patient",
            "context" : "Patient",
            "expression" : {
               "type" : "SingletonFrom",
               "operand" : {
                  "locator" : "18:1-18:15",
                  "dataType" : "{urn:healthit-gov:qdm:v5_6}Patient",
                  "templateId" : "Patient",
                  "type" : "Retrieve"
               }
            }
         }, {
            "localId" : "57",
            "locator" : "20:1-31:5",
            "name" : "Palliative Care in the Measurement Period",
            "context" : "Patient",
            "accessLevel" : "Public",
            "annotation" : [ {
               "type" : "Annotation",
               "s" : {
                  "r" : "57",
                  "s" : [ {
                     "value" : [ "","define ","\"Palliative Care in the Measurement Period\"",":\n  " ]
                  }, {
                     "r" : "56",
                     "s" : [ {
                        "r" : "43",
                        "s" : [ {
                           "r" : "34",
                           "s" : [ {
                              "r" : "25",
                              "s" : [ {
                                 "value" : [ "exists " ]
                              }, {
                                 "r" : "24",
                                 "s" : [ {
                                    "value" : [ "( " ]
                                 }, {
                                    "r" : "24",
                                    "s" : [ {
                                       "s" : [ {
                                          "r" : "15",
                                          "s" : [ {
                                             "r" : "14",
                                             "s" : [ {
                                                "r" : "14",
                                                "s" : [ {
                                                   "value" : [ "[","\"Assessment, Performed\"",": " ]
                                                }, {
                                                   "s" : [ {
                                                      "value" : [ "\"Functional Assessment of Chronic Illness Therapy - Palliative Care Questionnaire (FACIT-Pal)\"" ]
                                                   } ]
                                                }, {
                                                   "value" : [ "]" ]
                                                } ]
                                             } ]
                                          }, {
                                             "value" : [ " ","PalliativeAssessment" ]
                                          } ]
                                       } ]
                                    }, {
                                       "value" : [ "\n      " ]
                                    }, {
                                       "r" : "23",
                                       "s" : [ {
                                          "value" : [ "where " ]
                                       }, {
                                          "r" : "23",
                                          "s" : [ {
                                             "r" : "21",
                                             "s" : [ {
                                                "r" : "16",
                                                "s" : [ {
                                                   "value" : [ "Global" ]
                                                } ]
                                             }, {
                                                "value" : [ "." ]
                                             }, {
                                                "r" : "21",
                                                "s" : [ {
                                                   "value" : [ "\"NormalizeInterval\"","(" ]
                                                }, {
                                                   "r" : "18",
                                                   "s" : [ {
                                                      "r" : "17",
                                                      "s" : [ {
                                                         "value" : [ "PalliativeAssessment" ]
                                                      } ]
                                                   }, {
                                                      "value" : [ "." ]
                                                   }, {
                                                      "r" : "18",
                                                      "s" : [ {
                                                         "value" : [ "relevantDatetime" ]
                                                      } ]
                                                   } ]
                                                }, {
                                                   "value" : [ ", " ]
                                                }, {
                                                   "r" : "20",
                                                   "s" : [ {
                                                      "r" : "19",
                                                      "s" : [ {
                                                         "value" : [ "PalliativeAssessment" ]
                                                      } ]
                                                   }, {
                                                      "value" : [ "." ]
                                                   }, {
                                                      "r" : "20",
                                                      "s" : [ {
                                                         "value" : [ "relevantPeriod" ]
                                                      } ]
                                                   } ]
                                                }, {
                                                   "value" : [ ")" ]
                                                } ]
                                             } ]
                                          }, {
                                             "r" : "23",
                                             "value" : [ " ","overlaps"," " ]
                                          }, {
                                             "r" : "22",
                                             "s" : [ {
                                                "value" : [ "\"Measurement Period\"" ]
                                             } ]
                                          } ]
                                       } ]
                                    } ]
                                 }, {
                                    "value" : [ "\n  )" ]
                                 } ]
                              } ]
                           }, {
                              "value" : [ "\n  or " ]
                           }, {
                              "r" : "33",
                              "s" : [ {
                                 "value" : [ "exists " ]
                              }, {
                                 "r" : "32",
                                 "s" : [ {
                                    "value" : [ "(" ]
                                 }, {
                                    "r" : "32",
                                    "s" : [ {
                                       "s" : [ {
                                          "r" : "27",
                                          "s" : [ {
                                             "r" : "26",
                                             "s" : [ {
                                                "r" : "26",
                                                "s" : [ {
                                                   "value" : [ "[","\"Diagnosis\"",": " ]
                                                }, {
                                                   "s" : [ {
                                                      "value" : [ "\"Encounter for palliative care\"" ]
                                                   } ]
                                                }, {
                                                   "value" : [ "]" ]
                                                } ]
                                             } ]
                                          }, {
                                             "value" : [ " ","PalliativeDiagnosis" ]
                                          } ]
                                       } ]
                                    }, {
                                       "value" : [ "\n  " ]
                                    }, {
                                       "r" : "31",
                                       "s" : [ {
                                          "value" : [ "where " ]
                                       }, {
                                          "r" : "31",
                                          "s" : [ {
                                             "r" : "29",
                                             "s" : [ {
                                                "r" : "28",
                                                "s" : [ {
                                                   "value" : [ "PalliativeDiagnosis" ]
                                                } ]
                                             }, {
                                                "value" : [ "." ]
                                             }, {
                                                "r" : "29",
                                                "s" : [ {
                                                   "value" : [ "prevalencePeriod" ]
                                                } ]
                                             } ]
                                          }, {
                                             "r" : "31",
                                             "value" : [ " ","overlaps"," " ]
                                          }, {
                                             "r" : "30",
                                             "s" : [ {
                                                "value" : [ "\"Measurement Period\"" ]
                                             } ]
                                          } ]
                                       } ]
                                    } ]
                                 }, {
                                    "value" : [ ")" ]
                                 } ]
                              } ]
                           } ]
                        }, {
                           "value" : [ "\n    or " ]
                        }, {
                           "r" : "42",
                           "s" : [ {
                              "value" : [ "exists " ]
                           }, {
                              "r" : "41",
                              "s" : [ {
                                 "value" : [ "( " ]
                              }, {
                                 "r" : "41",
                                 "s" : [ {
                                    "s" : [ {
                                       "r" : "36",
                                       "s" : [ {
                                          "r" : "35",
                                          "s" : [ {
                                             "r" : "35",
                                             "s" : [ {
                                                "value" : [ "[","\"Encounter, Performed\"",": " ]
                                             }, {
                                                "s" : [ {
                                                   "value" : [ "\"Palliative Care Encounter\"" ]
                                                } ]
                                             }, {
                                                "value" : [ "]" ]
                                             } ]
                                          } ]
                                       }, {
                                          "value" : [ " ","PalliativeEncounter" ]
                                       } ]
                                    } ]
                                 }, {
                                    "value" : [ "\n        " ]
                                 }, {
                                    "r" : "40",
                                    "s" : [ {
                                       "value" : [ "where " ]
                                    }, {
                                       "r" : "40",
                                       "s" : [ {
                                          "r" : "38",
                                          "s" : [ {
                                             "r" : "37",
                                             "s" : [ {
                                                "value" : [ "PalliativeEncounter" ]
                                             } ]
                                          }, {
                                             "value" : [ "." ]
                                          }, {
                                             "r" : "38",
                                             "s" : [ {
                                                "value" : [ "relevantPeriod" ]
                                             } ]
                                          } ]
                                       }, {
                                          "r" : "40",
                                          "value" : [ " ","overlaps"," " ]
                                       }, {
                                          "r" : "39",
                                          "s" : [ {
                                             "value" : [ "\"Measurement Period\"" ]
                                          } ]
                                       } ]
                                    } ]
                                 } ]
                              }, {
                                 "value" : [ "\n    )" ]
                              } ]
                           } ]
                        } ]
                     }, {
                        "value" : [ "\n    or " ]
                     }, {
                        "r" : "55",
                        "s" : [ {
                           "value" : [ "exists " ]
                        }, {
                           "r" : "54",
                           "s" : [ {
                              "value" : [ "( " ]
                           }, {
                              "r" : "54",
                              "s" : [ {
                                 "s" : [ {
                                    "r" : "45",
                                    "s" : [ {
                                       "r" : "44",
                                       "s" : [ {
                                          "r" : "44",
                                          "s" : [ {
                                             "value" : [ "[","\"Intervention, Performed\"",": " ]
                                          }, {
                                             "s" : [ {
                                                "value" : [ "\"Palliative Care Intervention\"" ]
                                             } ]
                                          }, {
                                             "value" : [ "]" ]
                                          } ]
                                       } ]
                                    }, {
                                       "value" : [ " ","PalliativeIntervention" ]
                                    } ]
                                 } ]
                              }, {
                                 "value" : [ "\n        " ]
                              }, {
                                 "r" : "53",
                                 "s" : [ {
                                    "value" : [ "where " ]
                                 }, {
                                    "r" : "53",
                                    "s" : [ {
                                       "r" : "51",
                                       "s" : [ {
                                          "r" : "46",
                                          "s" : [ {
                                             "value" : [ "Global" ]
                                          } ]
                                       }, {
                                          "value" : [ "." ]
                                       }, {
                                          "r" : "51",
                                          "s" : [ {
                                             "value" : [ "\"NormalizeInterval\"","(" ]
                                          }, {
                                             "r" : "48",
                                             "s" : [ {
                                                "r" : "47",
                                                "s" : [ {
                                                   "value" : [ "PalliativeIntervention" ]
                                                } ]
                                             }, {
                                                "value" : [ "." ]
                                             }, {
                                                "r" : "48",
                                                "s" : [ {
                                                   "value" : [ "relevantDatetime" ]
                                                } ]
                                             } ]
                                          }, {
                                             "value" : [ ", " ]
                                          }, {
                                             "r" : "50",
                                             "s" : [ {
                                                "r" : "49",
                                                "s" : [ {
                                                   "value" : [ "PalliativeIntervention" ]
                                                } ]
                                             }, {
                                                "value" : [ "." ]
                                             }, {
                                                "r" : "50",
                                                "s" : [ {
                                                   "value" : [ "relevantPeriod" ]
                                                } ]
                                             } ]
                                          }, {
                                             "value" : [ ")" ]
                                          } ]
                                       } ]
                                    }, {
                                       "r" : "53",
                                       "value" : [ " ","overlaps"," " ]
                                    }, {
                                       "r" : "52",
                                       "s" : [ {
                                          "value" : [ "\"Measurement Period\"" ]
                                       } ]
                                    } ]
                                 } ]
                              } ]
                           }, {
                              "value" : [ "\n    )" ]
                           } ]
                        } ]
                     } ]
                  } ]
               }
            } ],
            "expression" : {
               "localId" : "56",
               "locator" : "21:3-31:5",
               "type" : "Or",
               "operand" : [ {
                  "localId" : "43",
                  "locator" : "21:3-28:5",
                  "type" : "Or",
                  "operand" : [ {
                     "localId" : "34",
                     "locator" : "21:3-25:75",
                     "type" : "Or",
                     "operand" : [ {
                        "localId" : "25",
                        "locator" : "21:3-23:3",
                        "type" : "Exists",
                        "operand" : {
                           "localId" : "24",
                           "locator" : "21:10-23:3",
                           "type" : "Query",
                           "source" : [ {
                              "localId" : "15",
                              "locator" : "21:12-21:153",
                              "alias" : "PalliativeAssessment",
                              "expression" : {
                                 "localId" : "14",
                                 "locator" : "21:12-21:132",
                                 "dataType" : "{urn:healthit-gov:qdm:v5_6}PositiveAssessmentPerformed",
                                 "templateId" : "PositiveAssessmentPerformed",
                                 "codeProperty" : "code",
                                 "codeComparator" : "~",
                                 "type" : "Retrieve",
                                 "codes" : {
                                    "type" : "ToList",
                                    "operand" : {
                                       "locator" : "21:38-21:131",
                                       "name" : "Functional Assessment of Chronic Illness Therapy - Palliative Care Questionnaire (FACIT-Pal)",
                                       "type" : "CodeRef"
                                    }
                                 }
                              }
                           } ],
                           "relationship" : [ ],
                           "where" : {
                              "localId" : "23",
                              "locator" : "22:7-22:144",
                              "type" : "Overlaps",
                              "operand" : [ {
                                 "localId" : "21",
                                 "locator" : "22:13-22:114",
                                 "name" : "NormalizeInterval",
                                 "libraryName" : "Global",
                                 "type" : "FunctionRef",
                                 "operand" : [ {
                                    "localId" : "18",
                                    "locator" : "22:40-22:76",
                                    "path" : "relevantDatetime",
                                    "scope" : "PalliativeAssessment",
                                    "type" : "Property"
                                 }, {
                                    "localId" : "20",
                                    "locator" : "22:79-22:113",
                                    "path" : "relevantPeriod",
                                    "scope" : "PalliativeAssessment",
                                    "type" : "Property"
                                 } ]
                              }, {
                                 "localId" : "22",
                                 "locator" : "22:125-22:144",
                                 "name" : "Measurement Period",
                                 "type" : "ParameterRef"
                              } ]
                           }
                        }
                     }, {
                        "localId" : "33",
                        "locator" : "24:6-25:75",
                        "type" : "Exists",
                        "operand" : {
                           "localId" : "32",
                           "locator" : "24:13-25:75",
                           "type" : "Query",
                           "source" : [ {
                              "localId" : "27",
                              "locator" : "24:14-24:79",
                              "alias" : "PalliativeDiagnosis",
                              "expression" : {
                                 "localId" : "26",
                                 "locator" : "24:14-24:59",
                                 "dataType" : "{urn:healthit-gov:qdm:v5_6}Diagnosis",
                                 "codeProperty" : "code",
                                 "codeComparator" : "~",
                                 "type" : "Retrieve",
                                 "codes" : {
                                    "type" : "ToList",
                                    "operand" : {
                                       "locator" : "24:28-24:58",
                                       "name" : "Encounter for palliative care",
                                       "type" : "CodeRef"
                                    }
                                 }
                              }
                           } ],
                           "relationship" : [ ],
                           "where" : {
                              "localId" : "31",
                              "locator" : "25:3-25:74",
                              "type" : "Overlaps",
                              "operand" : [ {
                                 "localId" : "29",
                                 "locator" : "25:9-25:44",
                                 "path" : "prevalencePeriod",
                                 "scope" : "PalliativeDiagnosis",
                                 "type" : "Property"
                              }, {
                                 "localId" : "30",
                                 "locator" : "25:55-25:74",
                                 "name" : "Measurement Period",
                                 "type" : "ParameterRef"
                              } ]
                           }
                        }
                     } ]
                  }, {
                     "localId" : "42",
                     "locator" : "26:8-28:5",
                     "type" : "Exists",
                     "operand" : {
                        "localId" : "41",
                        "locator" : "26:15-28:5",
                        "type" : "Query",
                        "source" : [ {
                           "localId" : "36",
                           "locator" : "26:17-26:89",
                           "alias" : "PalliativeEncounter",
                           "expression" : {
                              "localId" : "35",
                              "locator" : "26:17-26:69",
                              "dataType" : "{urn:healthit-gov:qdm:v5_6}PositiveEncounterPerformed",
                              "templateId" : "PositiveEncounterPerformed",
                              "codeProperty" : "code",
                              "codeComparator" : "in",
                              "type" : "Retrieve",
                              "codes" : {
                                 "locator" : "26:42-26:68",
                                 "name" : "Palliative Care Encounter",
                                 "type" : "ValueSetRef"
                              }
                           }
                        } ],
                        "relationship" : [ ],
                        "where" : {
                           "localId" : "40",
                           "locator" : "27:9-27:78",
                           "type" : "Overlaps",
                           "operand" : [ {
                              "localId" : "38",
                              "locator" : "27:15-27:48",
                              "path" : "relevantPeriod",
                              "scope" : "PalliativeEncounter",
                              "type" : "Property"
                           }, {
                              "localId" : "39",
                              "locator" : "27:59-27:78",
                              "name" : "Measurement Period",
                              "type" : "ParameterRef"
                           } ]
                        }
                     }
                  } ]
               }, {
                  "localId" : "55",
                  "locator" : "29:8-31:5",
                  "type" : "Exists",
                  "operand" : {
                     "localId" : "54",
                     "locator" : "29:15-31:5",
                     "type" : "Query",
                     "source" : [ {
                        "localId" : "45",
                        "locator" : "29:17-29:98",
                        "alias" : "PalliativeIntervention",
                        "expression" : {
                           "localId" : "44",
                           "locator" : "29:17-29:75",
                           "dataType" : "{urn:healthit-gov:qdm:v5_6}PositiveInterventionPerformed",
                           "templateId" : "PositiveInterventionPerformed",
                           "codeProperty" : "code",
                           "codeComparator" : "in",
                           "type" : "Retrieve",
                           "codes" : {
                              "locator" : "29:45-29:74",
                              "name" : "Palliative Care Intervention",
                              "type" : "ValueSetRef"
                           }
                        }
                     } ],
                     "relationship" : [ ],
                     "where" : {
                        "localId" : "53",
                        "locator" : "30:9-30:150",
                        "type" : "Overlaps",
                        "operand" : [ {
                           "localId" : "51",
                           "locator" : "30:15-30:120",
                           "name" : "NormalizeInterval",
                           "libraryName" : "Global",
                           "type" : "FunctionRef",
                           "operand" : [ {
                              "localId" : "48",
                              "locator" : "30:42-30:80",
                              "path" : "relevantDatetime",
                              "scope" : "PalliativeIntervention",
                              "type" : "Property"
                           }, {
                              "localId" : "50",
                              "locator" : "30:83-30:119",
                              "path" : "relevantPeriod",
                              "scope" : "PalliativeIntervention",
                              "type" : "Property"
                           } ]
                        }, {
                           "localId" : "52",
                           "locator" : "30:131-30:150",
                           "name" : "Measurement Period",
                           "type" : "ParameterRef"
                        } ]
                     }
                  }
               } ]
            }
         } ]
      }
   }
}